cell_id,lat_center,lon_center,count
0,24.25,-110.25,38
1,24.25,-104.75,1418
2,24.75,-107.25,207
3,24.75,-81.75,170
4,24.75,-81.25,249
5,24.75,-80.75,159
6,25.25,-105.25,23
7,25.25,-101.25,48
8,25.25,-100.75,69
9,25.25,-100.25,92
10,25.25,-80.75,144
11,25.25,-80.25,370
12,25.75,-103.25,87
13,25.75,-100.75,107
14,25.75,-100.25,841
15,25.75,-81.75,162
16,25.75,-81.25,394
17,25.75,-80.75,302
18,25.75,-80.25,1611
19,26.25,-82.25,75
20,26.25,-81.75,1077
21,26.25,-81.25,418
22,26.25,-80.75,201
23,26.25,-80.25,1912
24,26.75,-82.25,362
25,26.75,-81.75,1522
26,26.75,-81.25,494
27,26.75,-80.75,403
28,26.75,-80.25,1149
29,26.75,-78.75,296
30,27.25,-109.25,24
31,27.25,-82.75,1749
32,27.25,-82.25,3593
33,27.25,-81.75,543
34,27.25,-81.25,495
35,27.25,-80.75,570
36,27.25,-80.25,1291
37,27.75,-111.25,53
38,27.75,-110.75,101
39,27.75,-97.75,43
40,27.75,-97.25,337
41,27.75,-82.75,2412
42,27.75,-82.25,2950
43,27.75,-81.75,748
44,27.75,-81.25,190
45,27.75,-80.75,726
46,27.75,-80.25,841
47,28.25,-111.25,24
48,28.25,-98.25,20
49,28.25,-97.75,97
50,28.25,-97.25,27
51,28.25,-96.75,24
52,28.25,-82.75,865
53,28.25,-82.25,1651
54,28.25,-81.75,1515
55,28.25,-81.25,1611
56,28.25,-80.75,859
57,28.75,-111.25,43
58,28.75,-110.75,105
59,28.75,-106.25,25
60,28.75,-99.75,58
61,28.75,-99.25,21
62,28.75,-98.25,217
63,28.75,-96.75,37
64,28.75,-82.75,261
65,28.75,-82.25,1007
66,28.75,-81.75,1427
67,28.75,-81.25,2438
68,28.75,-80.75,535
69,29.25,-111.25,35
70,29.25,-110.75,77
71,29.25,-99.25,24
72,29.25,-98.75,593
73,29.25,-98.25,1067
74,29.25,-96.25,104
75,29.25,-95.75,111
76,29.25,-95.25,124
77,29.25,-94.75,95
78,29.25,-90.75,66
79,29.25,-82.75,420
80,29.25,-82.25,1258
81,29.25,-81.75,464
82,29.25,-81.25,2323
83,29.25,-80.75,319
84,29.75,-98.75,1686
85,29.75,-98.25,3072
86,29.75,-97.75,350
87,29.75,-97.25,119
88,29.75,-96.75,171
89,29.75,-96.25,136
90,29.75,-95.75,1707
91,29.75,-95.25,1893
92,29.75,-94.75,172
93,29.75,-94.25,44
94,29.75,-93.25,75
95,29.75,-91.75,115
96,29.75,-91.25,84
97,29.75,-90.75,239
98,29.75,-90.25,1925
99,29.75,-89.75,23
100,29.75,-85.25,527
101,29.75,-84.75,550
102,29.75,-84.25,117
103,29.75,-83.25,318
104,29.75,-82.75,981
105,29.75,-82.25,1574
106,29.75,-81.75,1142
107,29.75,-81.25,1414
108,30.25,-99.25,24
109,30.25,-98.75,32
110,30.25,-98.25,707
111,30.25,-97.75,11348
112,30.25,-97.25,343
113,30.25,-96.75,262
114,30.25,-96.25,375
115,30.25,-95.75,472
116,30.25,-95.25,499
117,30.25,-94.25,28
118,30.25,-93.25,578
119,30.25,-92.25,104
120,30.25,-91.25,665
121,30.25,-90.75,357
122,30.25,-90.25,725
123,30.25,-89.75,542
124,30.25,-89.25,253
125,30.25,-88.75,549
126,30.25,-88.25,76
127,30.25,-87.75,203
128,30.25,-87.25,1380
129,30.25,-86.75,332
130,30.25,-86.25,375
131,30.25,-85.75,1434
132,30.25,-85.25,511
133,30.25,-84.75,392
134,30.25,-84.25,1757
135,30.25,-83.75,705
136,30.25,-83.25,578
137,30.25,-82.75,1052
138,30.25,-82.25,794
139,30.25,-81.75,6741
140,30.25,-81.25,1564
141,30.75,-104.75,21
142,30.75,-98.75,40
143,30.75,-98.25,272
144,30.75,-97.75,1449
145,30.75,-97.25,270
146,30.75,-96.75,122
147,30.75,-96.25,105
148,30.75,-95.75,124
149,30.75,-92.25,151
150,30.75,-91.75,91
151,30.75,-91.25,64
152,30.75,-90.75,34
153,30.75,-90.25,52
154,30.75,-89.75,130
155,30.75,-89.25,203
156,30.75,-88.75,21
157,30.75,-88.25,285
158,30.75,-87.75,417
159,30.75,-87.25,1996
160,30.75,-86.75,686
161,30.75,-86.25,557
162,30.75,-85.75,776
163,30.75,-85.25,1174
164,30.75,-84.75,651
165,30.75,-84.25,545
166,30.75,-83.75,363
167,30.75,-83.25,1281
168,30.75,-82.75,165
169,30.75,-82.25,413
170,30.75,-81.75,1125
171,30.75,-81.25,330
172,31.25,-111.25,38
173,31.25,-110.75,126
174,31.25,-110.25,132
175,31.25,-109.75,240
176,31.25,-109.25,70
177,31.25,-100.25,199
178,31.25,-99.25,73
179,31.25,-98.75,40
180,31.25,-98.25,96
181,31.25,-97.75,240
182,31.25,-97.25,252
183,31.25,-96.75,96
184,31.25,-96.25,40
185,31.25,-95.75,128
186,31.25,-95.25,28
187,31.25,-94.75,68
188,31.25,-93.75,58
189,31.25,-93.25,52
190,31.25,-92.75,83
191,31.25,-92.25,191
192,31.25,-90.75,43
193,31.25,-90.25,126
194,31.25,-89.75,305
195,31.25,-89.25,2035
196,31.25,-88.75,284
197,31.25,-88.25,92
198,31.25,-87.75,39
199,31.25,-87.25,118
200,31.25,-86.75,164
201,31.25,-86.25,290
202,31.25,-85.75,207
203,31.25,-85.25,301
204,31.25,-84.75,375
205,31.25,-84.25,235
206,31.25,-83.75,318
207,31.25,-83.25,714
208,31.25,-82.75,181
209,31.25,-82.25,336
210,31.25,-81.75,463
211,31.25,-81.25,419
212,31.75,-116.75,137
213,31.75,-112.75,34
214,31.75,-111.75,210
215,31.75,-111.25,219
216,31.75,-110.75,507
217,31.75,-110.25,931
218,31.75,-109.75,268
219,31.75,-109.25,181
220,31.75,-106.75,148
221,31.75,-106.25,732
222,31.75,-105.75,28
223,31.75,-101.25,54
224,31.75,-98.75,61
225,31.75,-98.25,171
226,31.75,-97.75,138
227,31.75,-97.25,193
228,31.75,-96.75,23
229,31.75,-96.25,253
230,31.75,-94.75,67
231,31.75,-93.25,41
232,31.75,-92.75,20
233,31.75,-89.25,464
234,31.75,-88.75,301
235,31.75,-86.75,116
236,31.75,-86.25,72
237,31.75,-85.75,222
238,31.75,-85.25,508
239,31.75,-84.75,141
240,31.75,-84.25,808
241,31.75,-83.75,985
242,31.75,-83.25,1050
243,31.75,-82.75,168
244,31.75,-82.25,75
245,31.75,-81.75,382
246,31.75,-81.25,1071
247,31.75,-80.75,32
248,32.25,-116.75,121
249,32.25,-114.75,83
250,32.25,-112.75,394
251,32.25,-112.25,247
252,32.25,-111.75,82
253,32.25,-111.25,478
254,32.25,-110.75,878
255,32.25,-110.25,61
256,32.25,-109.75,591
257,32.25,-109.25,281
258,32.25,-108.75,71
259,32.25,-107.75,42
260,32.25,-106.75,337
261,32.25,-102.75,44
262,32.25,-102.25,57
263,32.25,-100.75,34
264,32.25,-100.25,79
265,32.25,-99.75,742
266,32.25,-99.25,130
267,32.25,-98.75,223
268,32.25,-98.25,443
269,32.25,-97.75,51
270,32.25,-97.25,160
271,32.25,-96.75,334
272,32.25,-96.25,294
273,32.25,-95.75,41
274,32.25,-95.25,87
275,32.25,-94.75,97
276,32.25,-94.25,183
277,32.25,-93.75,1246
278,32.25,-92.25,20
279,32.25,-91.75,76
280,32.25,-91.25,141
281,32.25,-90.75,162
282,32.25,-90.25,487
283,32.25,-89.75,51
284,32.25,-88.75,673
285,32.25,-88.25,109
286,32.25,-87.25,87
287,32.25,-86.75,66
288,32.25,-86.25,631
289,32.25,-85.75,198
290,32.25,-85.25,407
291,32.25,-84.75,595
292,32.25,-84.25,882
293,32.25,-83.75,1686
294,32.25,-83.25,685
295,32.25,-82.75,384
296,32.25,-82.25,249
297,32.25,-81.75,280
298,32.25,-81.25,2270
299,32.25,-80.75,907
300,32.25,-80.25,41
301,32.75,-117.25,4313
302,32.75,-116.75,4088
303,32.75,-116.25,786
304,32.75,-115.75,131
305,32.75,-115.25,110
306,32.75,-114.75,431
307,32.75,-114.25,368
308,32.75,-113.75,254
309,32.75,-113.25,232
310,32.75,-112.75,368
311,32.75,-112.25,240
312,32.75,-111.75,388
313,32.75,-111.25,246
314,32.75,-110.75,283
315,32.75,-109.75,531
316,32.75,-109.25,376
317,32.75,-107.25,69
318,32.75,-106.25,49
319,32.75,-101.75,36
320,32.75,-101.25,105
321,32.75,-100.75,197
322,32.75,-100.25,60
323,32.75,-99.75,117
324,32.75,-99.25,64
325,32.75,-98.75,79
326,32.75,-98.25,60
327,32.75,-97.75,228
328,32.75,-97.25,6152
329,32.75,-96.75,17627
330,32.75,-96.25,387
331,32.75,-95.75,54
332,32.75,-95.25,145
333,32.75,-93.75,520
334,32.75,-93.25,222
335,32.75,-92.75,116
336,32.75,-92.25,25
337,32.75,-90.75,327
338,32.75,-90.25,387
339,32.75,-89.75,36
340,32.75,-88.75,21
341,32.75,-88.25,321
342,32.75,-87.75,339
343,32.75,-87.25,63
344,32.75,-86.75,226
345,32.75,-86.25,106
346,32.75,-85.75,442
347,32.75,-85.25,697
348,32.75,-84.75,1277
349,32.75,-84.25,853
350,32.75,-83.75,3094
351,32.75,-83.25,765
352,32.75,-82.75,452
353,32.75,-82.25,240
354,32.75,-81.25,182
355,32.75,-80.75,460
356,32.75,-80.25,989
357,32.75,-79.75,655
358,33.25,-117.75,443
359,33.25,-117.25,2125
360,33.25,-116.75,837
361,33.25,-116.25,391
362,33.25,-114.75,104
363,33.25,-114.25,188
364,33.25,-112.75,441
365,33.25,-112.25,3129
366,33.25,-111.75,3570
367,33.25,-111.25,309
368,33.25,-110.75,383
369,33.25,-110.25,144
370,33.25,-109.75,22
371,33.25,-109.25,246
372,33.25,-104.75,67
373,33.25,-104.25,43
374,33.25,-101.75,85
375,33.25,-101.25,136
376,33.25,-98.25,58
377,33.25,-97.75,94
378,33.25,-97.25,2466
379,33.25,-96.75,2452
380,33.25,-96.25,146
381,33.25,-95.75,124
382,33.25,-95.25,105
383,33.25,-94.75,97
384,33.25,-94.25,562
385,33.25,-93.75,374
386,33.25,-93.25,121
387,33.25,-90.75,187
388,33.25,-90.25,67
389,33.25,-88.75,43
390,33.25,-88.25,63
391,33.25,-87.75,302
392,33.25,-87.25,212
393,33.25,-86.75,385
394,33.25,-86.25,140
395,33.25,-85.75,136
396,33.25,-85.25,294
397,33.25,-84.75,783
398,33.25,-84.25,1166
399,33.25,-83.75,850
400,33.25,-83.25,881
401,33.25,-82.75,214
402,33.25,-82.25,686
403,33.25,-81.75,307
404,33.25,-81.25,284
405,33.25,-80.75,333
406,33.25,-80.25,458
407,33.25,-79.75,292
408,33.25,-79.25,594
409,33.75,-118.25,2745
410,33.75,-117.75,5156
411,33.75,-117.25,1316
412,33.75,-116.75,477
413,33.75,-116.25,274
414,33.75,-115.75,166
415,33.75,-115.25,246
416,33.75,-114.75,251
417,33.75,-114.25,464
418,33.75,-113.75,431
419,33.75,-113.25,362
420,33.75,-112.75,152
421,33.75,-112.25,4112
422,33.75,-111.75,1485
423,33.75,-111.25,350
424,33.75,-110.75,140
425,33.75,-110.25,74
426,33.75,-109.75,20
427,33.75,-109.25,218
428,33.75,-107.25,64
429,33.75,-104.75,58
430,33.75,-101.75,136
431,33.75,-99.25,42
432,33.75,-97.25,306
433,33.75,-96.75,269
434,33.75,-96.25,207
435,33.75,-93.75,199
436,33.75,-93.25,130
437,33.75,-91.75,121
438,33.75,-89.25,20
439,33.75,-88.75,162
440,33.75,-88.25,106
441,33.75,-87.75,208
442,33.75,-87.25,354
443,33.75,-86.75,338
444,33.75,-86.25,146
445,33.75,-85.75,440
446,33.75,-85.25,859
447,33.75,-84.75,2062
448,33.75,-84.25,3996
449,33.75,-83.75,1152
450,33.75,-83.25,1230
451,33.75,-82.75,209
452,33.75,-82.25,529
453,33.75,-81.75,715
454,33.75,-81.25,466
455,33.75,-80.75,406
456,33.75,-80.25,547
457,33.75,-79.75,78
458,33.75,-79.25,602
459,33.75,-78.75,1160
460,33.75,-78.25,203
461,34.25,-120.25,25
462,34.25,-119.75,526
463,34.25,-119.25,593
464,34.25,-118.75,2442
465,34.25,-118.25,5050
466,34.25,-117.75,1568
467,34.25,-117.25,854
468,34.25,-116.75,330
469,34.25,-116.25,222
470,34.25,-114.25,345
471,34.25,-113.25,387
472,34.25,-112.75,470
473,34.25,-112.25,440
474,34.25,-111.75,127
475,34.25,-111.25,377
476,34.25,-110.75,197
477,34.25,-110.25,497
478,34.25,-109.75,407
479,34.25,-109.25,374
480,34.25,-108.25,60
481,34.25,-106.75,40
482,34.25,-105.75,36
483,34.25,-104.25,45
484,34.25,-103.25,1065
485,34.25,-101.75,39
486,34.25,-97.75,56
487,34.25,-97.25,1102
488,34.25,-96.75,1010
489,34.25,-96.25,932
490,34.25,-95.75,49
491,34.25,-93.25,528
492,34.25,-92.75,91
493,34.25,-92.25,52
494,34.25,-91.75,40
495,34.25,-89.75,49
496,34.25,-89.25,67
497,34.25,-88.75,454
498,34.25,-88.25,164
499,34.25,-87.75,135
500,34.25,-87.25,140
501,34.25,-86.75,332
502,34.25,-86.25,146
503,34.25,-85.75,47
504,34.25,-85.25,434
505,34.25,-84.75,2489
506,34.25,-84.25,4010
507,34.25,-83.75,851
508,34.25,-83.25,524
509,34.25,-82.75,361
510,34.25,-82.25,591
511,34.25,-81.75,531
512,34.25,-81.25,610
513,34.25,-80.75,297
514,34.25,-80.25,234
515,34.25,-79.75,196
516,34.25,-79.25,57
517,34.25,-78.75,367
518,34.25,-78.25,229
519,34.25,-77.75,430
520,34.75,-120.75,27
521,34.75,-120.25,467
522,34.75,-119.75,101
523,34.75,-119.25,334
524,34.75,-118.75,461
525,34.75,-118.25,1824
526,34.75,-117.75,750
527,34.75,-117.25,173
528,34.75,-116.75,162
529,34.75,-116.25,91
530,34.75,-115.75,28
531,34.75,-115.25,146
532,34.75,-114.75,105
533,34.75,-114.25,251
534,34.75,-113.75,266
535,34.75,-113.25,149
536,34.75,-112.75,28
537,34.75,-112.25,678
538,34.75,-111.75,1023
539,34.75,-111.25,152
540,34.75,-110.75,196
541,34.75,-110.25,619
542,34.75,-109.75,328
543,34.75,-109.25,351
544,34.75,-108.25,26
545,34.75,-107.75,46
546,34.75,-107.25,22
547,34.75,-106.75,138
548,34.75,-105.25,102
549,34.75,-104.75,54
550,34.75,-103.75,51
551,34.75,-103.25,85
552,34.75,-101.75,61
553,34.75,-100.25,29
554,34.75,-97.75,99
555,34.75,-97.25,738
556,34.75,-96.75,1320
557,34.75,-96.25,208
558,34.75,-95.75,213
559,34.75,-95.25,96
560,34.75,-94.25,139
561,34.75,-93.75,198
562,34.75,-93.25,179
563,34.75,-92.25,124
564,34.75,-90.25,42
565,34.75,-89.75,363
566,34.75,-89.25,284
567,34.75,-88.75,183
568,34.75,-88.25,119
569,34.75,-87.75,255
570,34.75,-87.25,257
571,34.75,-86.75,526
572,34.75,-86.25,101
573,34.75,-85.75,89
574,34.75,-85.25,743
575,34.75,-84.75,880
576,34.75,-84.25,1634
577,34.75,-83.75,857
578,34.75,-83.25,706
579,34.75,-82.75,739
580,34.75,-82.25,2635
581,34.75,-81.75,551
582,34.75,-81.25,141
583,34.75,-80.75,38
584,34.75,-80.25,34
585,34.75,-79.75,231
586,34.75,-79.25,310
587,34.75,-78.75,715
588,34.75,-78.25,156
589,34.75,-77.75,535
590,34.75,-77.25,400
591,34.75,-76.75,205
592,35.25,-120.75,1109
593,35.25,-120.25,65
594,35.25,-119.75,400
595,35.25,-119.25,5128
596,35.25,-118.75,2091
597,35.25,-118.25,563
598,35.25,-117.75,419
599,35.25,-116.25,173
600,35.25,-115.75,108
601,35.25,-115.25,50
602,35.25,-114.75,120
603,35.25,-114.25,1354
604,35.25,-113.75,748
605,35.25,-113.25,265
606,35.25,-112.75,178
607,35.25,-112.25,411
608,35.25,-111.75,889
609,35.25,-111.25,139
610,35.25,-110.75,312
611,35.25,-110.25,269
612,35.25,-109.75,67
613,35.25,-109.25,251
614,35.25,-108.75,104
615,35.25,-108.25,61
616,35.25,-107.75,199
617,35.25,-107.25,27
618,35.25,-106.75,510
619,35.25,-106.25,110
620,35.25,-105.75,195
621,35.25,-105.25,45
622,35.25,-104.25,106
623,35.25,-103.75,95
624,35.25,-102.75,22
625,35.25,-102.25,44
626,35.25,-101.75,163
627,35.25,-101.25,108
628,35.25,-100.25,35
629,35.25,-99.75,63
630,35.25,-99.25,39
631,35.25,-97.75,276
632,35.25,-97.25,970
633,35.25,-96.75,411
634,35.25,-96.25,67
635,35.25,-95.75,397
636,35.25,-95.25,132
637,35.25,-94.75,20
638,35.25,-94.25,145
639,35.25,-93.75,464
640,35.25,-93.25,43
641,35.25,-92.75,231
642,35.25,-92.25,65
643,35.25,-91.75,39
644,35.25,-90.25,366
645,35.25,-89.75,1039
646,35.25,-89.25,23
647,35.25,-88.25,67
648,35.25,-87.25,143
649,35.25,-86.75,172
650,35.25,-86.25,172
651,35.25,-85.75,181
652,35.25,-85.25,1783
653,35.25,-84.75,513
654,35.25,-84.25,404
655,35.25,-83.75,378
656,35.25,-83.25,586
657,35.25,-82.75,644
658,35.25,-82.25,917
659,35.25,-81.75,1367
660,35.25,-81.25,904
661,35.25,-80.75,2070
662,35.25,-80.25,322
663,35.25,-79.75,202
664,35.25,-79.25,596
665,35.25,-78.75,1830
666,35.25,-78.25,134
667,35.25,-77.75,507
668,35.25,-77.25,1189
669,35.25,-76.75,35
670,35.25,-75.75,83
671,35.75,-121.25,428
672,35.75,-120.75,808
673,35.75,-120.25,367
674,35.75,-119.75,793
675,35.75,-119.25,2874
676,35.75,-118.75,1034
677,35.75,-118.25,580
678,35.75,-117.75,693
679,35.75,-117.25,107
680,35.75,-115.25,323
681,35.75,-114.75,203
682,35.75,-114.25,132
683,35.75,-113.75,34
684,35.75,-113.25,115
685,35.75,-112.25,231
686,35.75,-111.75,202
687,35.75,-111.25,119
688,35.75,-110.75,293
689,35.75,-110.25,264
690,35.75,-109.75,220
691,35.75,-109.25,216
692,35.75,-108.75,61
693,35.75,-106.75,35
694,35.75,-106.25,243
695,35.75,-105.75,465
696,35.75,-105.25,65
697,35.75,-98.75,54
698,35.75,-97.75,121
699,35.75,-97.25,512
700,35.75,-96.75,108
701,35.75,-96.25,184
702,35.75,-95.75,191
703,35.75,-95.25,335
704,35.75,-94.75,299
705,35.75,-94.25,68
706,35.75,-93.75,54
707,35.75,-90.75,154
708,35.75,-90.25,28
709,35.75,-89.75,21
710,35.75,-89.25,246
711,35.75,-88.75,152
712,35.75,-88.25,228
713,35.75,-87.75,126
714,35.75,-87.25,281
715,35.75,-86.75,909
716,35.75,-86.25,340
717,35.75,-85.75,85
718,35.75,-85.25,305
719,35.75,-84.75,291
720,35.75,-84.25,952
721,35.75,-83.75,2020
722,35.75,-83.25,505
723,35.75,-82.75,715
724,35.75,-82.25,738
725,35.75,-81.75,576
726,35.75,-81.25,619
727,35.75,-80.75,1067
728,35.75,-80.25,425
729,35.75,-79.75,645
730,35.75,-79.25,668
731,35.75,-78.75,5073
732,35.75,-78.25,726
733,35.75,-77.75,730
734,35.75,-77.25,668
735,35.75,-76.75,500
736,35.75,-76.25,97
737,35.75,-75.75,502
738,35.75,-75.25,27
739,36.25,-121.75,394
740,36.25,-121.25,1364
741,36.25,-120.75,425
742,36.25,-120.25,348
743,36.25,-119.75,3938
744,36.25,-119.25,636
745,36.25,-118.75,34
746,36.25,-118.25,54
747,36.25,-117.75,117
748,36.25,-117.25,117
749,36.25,-116.75,144
750,36.25,-116.25,76
751,36.25,-115.75,59
752,36.25,-115.25,6741
753,36.25,-114.75,468
754,36.25,-114.25,101
755,36.25,-112.25,138
756,36.25,-111.75,49
757,36.25,-111.25,309
758,36.25,-110.75,176
759,36.25,-109.75,145
760,36.25,-109.25,23
761,36.25,-108.75,38
762,36.25,-106.75,67
763,36.25,-106.25,141
764,36.25,-105.75,49
765,36.25,-102.75,30
766,36.25,-97.75,29
767,36.25,-97.25,501
768,36.25,-96.75,133
769,36.25,-96.25,306
770,36.25,-95.75,1453
771,36.25,-95.25,202
772,36.25,-94.25,1068
773,36.25,-93.75,141
774,36.25,-93.25,44
775,36.25,-92.25,32
776,36.25,-91.75,34
777,36.25,-91.25,232
778,36.25,-90.75,99
779,36.25,-90.25,88
780,36.25,-89.75,137
781,36.25,-89.25,224
782,36.25,-88.75,63
783,36.25,-88.25,161
784,36.25,-87.75,86
785,36.25,-87.25,631
786,36.25,-86.75,7744
787,36.25,-86.25,550
788,36.25,-85.75,457
789,36.25,-85.25,265
790,36.25,-84.75,212
791,36.25,-84.25,541
792,36.25,-83.75,732
793,36.25,-83.25,492
794,36.25,-82.75,441
795,36.25,-82.25,364
796,36.25,-81.75,413
797,36.25,-81.25,316
798,36.25,-80.75,396
799,36.25,-80.25,1040
800,36.25,-79.75,1487
801,36.25,-79.25,581
802,36.25,-78.75,651
803,36.25,-78.25,285
804,36.25,-77.75,112
805,36.25,-77.25,66
806,36.25,-76.75,130
807,36.25,-76.25,131
808,36.25,-75.75,414
809,36.75,-122.25,144
810,36.75,-121.75,2640
811,36.75,-121.25,626
812,36.75,-120.75,95
813,36.75,-120.25,1079
814,36.75,-119.75,4631
815,36.75,-119.25,42
816,36.75,-118.75,115
817,36.75,-118.25,133
818,36.75,-117.75,83
819,36.75,-117.25,48
820,36.75,-116.75,218
821,36.75,-116.25,249
822,36.75,-115.75,78
823,36.75,-114.75,130
824,36.75,-114.25,49
825,36.75,-113.75,78
826,36.75,-112.75,422
827,36.75,-112.25,409
828,36.75,-111.75,241
829,36.75,-111.25,338
830,36.75,-110.75,209
831,36.75,-110.25,232
832,36.75,-109.75,483
833,36.75,-109.25,225
834,36.75,-108.25,219
835,36.75,-107.75,41
836,36.75,-106.75,124
837,36.75,-105.75,65
838,36.75,-104.25,45
839,36.75,-103.75,40
840,36.75,-101.25,30
841,36.75,-97.25,221
842,36.75,-95.75,211
843,36.75,-95.25,198
844,36.75,-94.75,269
845,36.75,-94.25,33
846,36.75,-93.75,73
847,36.75,-93.25,184
848,36.75,-91.75,125
849,36.75,-91.25,36
850,36.75,-90.75,45
851,36.75,-90.25,93
852,36.75,-89.75,162
853,36.75,-89.25,84
854,36.75,-88.75,377
855,36.75,-88.25,547
856,36.75,-87.75,338
857,36.75,-87.25,1189
858,36.75,-86.75,466
859,36.75,-86.25,528
860,36.75,-85.75,441
861,36.75,-85.25,286
862,36.75,-84.75,61
863,36.75,-84.25,312
864,36.75,-83.75,289
865,36.75,-83.25,212
866,36.75,-82.75,217
867,36.75,-82.25,175
868,36.75,-81.75,403
869,36.75,-81.25,392
870,36.75,-80.75,456
871,36.75,-80.25,499
872,36.75,-79.75,309
873,36.75,-79.25,551
874,36.75,-78.75,413
875,36.75,-78.25,75
876,36.75,-77.75,100
877,36.75,-77.25,190
878,36.75,-76.75,285
879,36.75,-76.25,2253
880,36.75,-75.75,217
881,37.25,-122.25,2123
882,37.25,-121.75,2944
883,37.25,-121.25,136
884,37.25,-120.75,330
885,37.25,-120.25,1145
886,37.25,-119.75,1226
887,37.25,-119.25,270
888,37.25,-118.75,41
889,37.25,-118.25,67
890,37.25,-117.25,79
891,37.25,-116.75,56
892,37.25,-113.75,1003
893,37.25,-113.25,863
894,37.25,-112.75,480
895,37.25,-112.25,83
896,37.25,-111.75,72
897,37.25,-109.75,436
898,37.25,-109.25,557
899,37.25,-108.25,140
900,37.25,-107.75,396
901,37.25,-107.25,199
902,37.25,-106.75,103
903,37.25,-106.25,181
904,37.25,-105.75,247
905,37.25,-104.75,32
906,37.25,-100.75,89
907,37.25,-99.25,65
908,37.25,-98.75,85
909,37.25,-98.25,134
910,37.25,-97.75,89
911,37.25,-97.25,516
912,37.25,-96.75,96
913,37.25,-96.25,75
914,37.25,-95.75,508
915,37.25,-95.25,548
916,37.25,-94.75,832
917,37.25,-94.25,206
918,37.25,-93.75,83
919,37.25,-93.25,1463
920,37.25,-92.75,285
921,37.25,-92.25,181
922,37.25,-89.75,75
923,37.25,-88.75,250
924,37.25,-88.25,149
925,37.25,-87.75,126
926,37.25,-87.25,703
927,37.25,-86.75,388
928,37.25,-86.25,770
929,37.25,-85.75,680
930,37.25,-85.25,293
931,37.25,-84.75,210
932,37.25,-84.25,279
933,37.25,-83.75,54
934,37.25,-83.25,43
935,37.25,-82.75,151
936,37.25,-81.75,235
937,37.25,-81.25,553
938,37.25,-80.75,796
939,37.25,-80.25,628
940,37.25,-79.75,1399
941,37.25,-79.25,1164
942,37.25,-78.75,277
943,37.25,-78.25,410
944,37.25,-77.75,250
945,37.25,-77.25,571
946,37.25,-76.75,1170
947,37.25,-76.25,543
948,37.25,-75.75,114
949,37.75,-122.75,280
950,37.75,-122.25,4128
951,37.75,-121.75,862
952,37.75,-121.25,895
953,37.75,-120.75,485
954,37.75,-120.25,638
955,37.75,-119.75,261
956,37.75,-119.25,137
957,37.75,-118.75,113
958,37.75,-117.25,118
959,37.75,-113.75,421
960,37.75,-113.25,414
961,37.75,-112.75,620
962,37.75,-112.25,319
963,37.75,-111.75,302
964,37.75,-111.25,152
965,37.75,-110.25,490
966,37.75,-109.75,134
967,37.75,-109.25,324
968,37.75,-108.25,38
969,37.75,-107.75,512
970,37.75,-106.75,36
971,37.75,-106.25,154
972,37.75,-105.75,114
973,37.75,-105.25,62
974,37.75,-104.75,88
975,37.75,-103.75,87
976,37.75,-101.75,36
977,37.75,-101.25,100
978,37.75,-100.75,242
979,37.75,-100.25,139
980,37.75,-99.75,190
981,37.75,-99.25,81
982,37.75,-98.75,101
983,37.75,-98.25,216
984,37.75,-97.75,392
985,37.75,-97.25,802
986,37.75,-96.75,144
987,37.75,-96.25,132
988,37.75,-95.75,86
989,37.75,-95.25,778
990,37.75,-94.75,287
991,37.75,-93.75,105
992,37.75,-93.25,250
993,37.75,-92.75,123
994,37.75,-92.25,77
995,37.75,-90.25,36
996,37.75,-89.25,261
997,37.75,-88.75,1064
998,37.75,-88.25,515
999,37.75,-87.75,359
1000,37.75,-87.25,422
1001,37.75,-86.75,46
1002,37.75,-86.25,57
1003,37.75,-85.75,347
1004,37.75,-85.25,106
1005,37.75,-84.75,287
1006,37.75,-84.25,166
1007,37.75,-82.75,125
1008,37.75,-82.25,52
1009,37.75,-81.75,128
1010,37.75,-81.25,526
1011,37.75,-80.75,506
1012,37.75,-80.25,383
1013,37.75,-79.75,688
1014,37.75,-79.25,810
1015,37.75,-78.75,363
1016,37.75,-78.25,265
1017,37.75,-77.75,1211
1018,37.75,-77.25,898
1019,37.75,-76.75,410
1020,37.75,-76.25,116
1021,37.75,-75.75,147
1022,38.25,-123.25,125
1023,38.25,-122.75,510
1024,38.25,-122.25,563
1025,38.25,-121.75,725
1026,38.25,-121.25,3176
1027,38.25,-120.75,1617
1028,38.25,-120.25,838
1029,38.25,-119.75,20
1030,38.25,-119.25,99
1031,38.25,-118.25,59
1032,38.25,-117.75,29
1033,38.25,-117.25,45
1034,38.25,-113.25,315
1035,38.25,-112.75,353
1036,38.25,-112.25,686
1037,38.25,-111.75,245
1038,38.25,-111.25,171
1039,38.25,-110.75,206
1040,38.25,-109.75,136
1041,38.25,-109.25,247
1042,38.25,-107.75,170
1043,38.25,-107.25,44
1044,38.25,-106.25,29
1045,38.25,-105.75,328
1046,38.25,-105.25,560
1047,38.25,-104.75,259
1048,38.25,-104.25,96
1049,38.25,-103.75,116
1050,38.25,-103.25,32
1051,38.25,-102.75,230
1052,38.25,-102.25,55
1053,38.25,-100.75,54
1054,38.25,-100.25,31
1055,38.25,-99.75,101
1056,38.25,-99.25,166
1057,38.25,-98.75,97
1058,38.25,-98.25,382
1059,38.25,-97.75,646
1060,38.25,-97.25,290
1061,38.25,-96.75,270
1062,38.25,-96.25,277
1063,38.25,-95.75,181
1064,38.25,-95.25,452
1065,38.25,-94.75,241
1066,38.25,-94.25,21
1067,38.25,-93.75,338
1068,38.25,-93.25,197
1069,38.25,-92.75,351
1070,38.25,-92.25,162
1071,38.25,-91.75,130
1072,38.25,-91.25,239
1073,38.25,-90.75,127
1074,38.25,-90.25,204
1075,38.25,-89.75,95
1076,38.25,-89.25,275
1077,38.25,-88.75,99
1078,38.25,-88.25,119
1079,38.25,-87.75,243
1080,38.25,-87.25,178
1081,38.25,-86.75,186
1082,38.25,-86.25,124
1083,38.25,-85.75,2402
1084,38.25,-85.25,180
1085,38.25,-84.75,419
1086,38.25,-84.25,299
1087,38.25,-83.75,442
1088,38.25,-83.25,207
1089,38.25,-82.75,1065
1090,38.25,-82.25,1777
1091,38.25,-81.75,632
1092,38.25,-81.25,179
1093,38.25,-80.75,215
1094,38.25,-80.25,140
1095,38.25,-79.75,244
1096,38.25,-79.25,283
1097,38.25,-78.75,872
1098,38.25,-78.25,387
1099,38.25,-77.75,559
1100,38.25,-77.25,360
1101,38.25,-76.75,272
1102,38.25,-76.25,44
1103,38.25,-75.75,477
1104,38.25,-75.25,975
1105,38.75,-123.75,25
1106,38.75,-123.25,181
1107,38.75,-122.75,713
1108,38.75,-122.25,246
1109,38.75,-121.75,2608
1110,38.75,-121.25,5111
1111,38.75,-120.75,199
1112,38.75,-120.25,249
1113,38.75,-119.75,462
1114,38.75,-119.25,21
1115,38.75,-118.75,109
1116,38.75,-118.25,29
1117,38.75,-114.25,47
1118,38.75,-113.75,270
1119,38.75,-112.75,456
1120,38.75,-112.25,820
1121,38.75,-111.75,537
1122,38.75,-111.25,474
1123,38.75,-110.75,320
1124,38.75,-110.25,299
1125,38.75,-109.75,739
1126,38.75,-109.25,392
1127,38.75,-108.75,68
1128,38.75,-108.25,166
1129,38.75,-107.75,120
1130,38.75,-107.25,97
1131,38.75,-106.75,162
1132,38.75,-106.25,219
1133,38.75,-105.75,124
1134,38.75,-105.25,376
1135,38.75,-104.75,8085
1136,38.75,-103.75,126
1137,38.75,-103.25,130
1138,38.75,-102.75,166
1139,38.75,-102.25,76
1140,38.75,-101.75,70
1141,38.75,-99.75,44
1142,38.75,-99.25,70
1143,38.75,-98.75,53
1144,38.75,-98.25,130
1145,38.75,-97.75,177
1146,38.75,-97.25,30
1147,38.75,-96.75,280
1148,38.75,-96.25,519
1149,38.75,-95.75,227
1150,38.75,-95.25,1326
1151,38.75,-94.75,1491
1152,38.75,-94.25,779
1153,38.75,-93.75,71
1154,38.75,-93.25,332
1155,38.75,-92.75,478
1156,38.75,-92.25,762
1157,38.75,-91.75,338
1158,38.75,-91.25,234
1159,38.75,-90.75,1137
1160,38.75,-90.25,2313
1161,38.75,-89.75,588
1162,38.75,-89.25,252
1163,38.75,-88.75,66
1164,38.75,-88.25,170
1165,38.75,-87.75,40
1166,38.75,-87.25,74
1167,38.75,-86.75,30
1168,38.75,-86.25,59
1169,38.75,-85.75,112
1170,38.75,-85.25,120
1171,38.75,-84.75,316
1172,38.75,-84.25,328
1173,38.75,-83.75,503
1174,38.75,-83.25,260
1175,38.75,-82.75,612
1176,38.75,-82.25,642
1177,38.75,-81.75,383
1178,38.75,-80.75,156
1179,38.75,-79.75,178
1180,38.75,-79.25,74
1181,38.75,-78.75,145
1182,38.75,-78.25,409
1183,38.75,-77.75,556
1184,38.75,-77.25,3047
1185,38.75,-76.75,1919
1186,38.75,-76.25,417
1187,38.75,-75.75,694
1188,38.75,-75.25,863
1189,38.75,-74.75,85
1190,39.25,-123.75,422
1191,39.25,-123.25,447
1192,39.25,-122.75,649
1193,39.25,-122.25,337
1194,39.25,-121.75,307
1195,39.25,-121.25,82
1196,39.25,-120.75,171
1197,39.25,-120.25,328
1198,39.25,-119.75,1045
1199,39.25,-119.25,199
1200,39.25,-118.75,49
1201,39.25,-115.75,41
1202,39.25,-115.25,84
1203,39.25,-114.75,66
1204,39.25,-114.25,98
1205,39.25,-113.75,215
1206,39.25,-113.25,220
1207,39.25,-112.75,487
1208,39.25,-112.25,762
1209,39.25,-111.75,661
1210,39.25,-111.25,441
1211,39.25,-110.75,281
1212,39.25,-110.25,359
1213,39.25,-109.25,215
1214,39.25,-108.75,1449
1215,39.25,-108.25,548
1216,39.25,-107.75,28
1217,39.25,-107.25,145
1218,39.25,-106.75,162
1219,39.25,-106.25,275
1220,39.25,-105.75,402
1221,39.25,-105.25,599
1222,39.25,-104.75,846
1223,39.25,-104.25,253
1224,39.25,-103.75,339
1225,39.25,-103.25,172
1226,39.25,-102.75,40
1227,39.25,-102.25,55
1228,39.25,-101.75,61
1229,39.25,-101.25,184
1230,39.25,-100.75,162
1231,39.25,-100.25,95
1232,39.25,-99.75,46
1233,39.25,-99.25,32
1234,39.25,-98.75,37
1235,39.25,-98.25,42
1236,39.25,-97.75,63
1237,39.25,-97.25,62
1238,39.25,-96.75,1228
1239,39.25,-96.25,530
1240,39.25,-95.75,492
1241,39.25,-95.25,360
1242,39.25,-94.75,3032
1243,39.25,-94.25,583
1244,39.25,-93.75,134
1245,39.25,-93.25,91
1246,39.25,-92.75,115
1247,39.25,-92.25,223
1248,39.25,-91.75,341
1249,39.25,-91.25,347
1250,39.25,-90.75,39
1251,39.25,-89.75,252
1252,39.25,-89.25,63
1253,39.25,-88.75,78
1254,39.25,-88.25,68
1255,39.25,-87.75,80
1256,39.25,-87.25,266
1257,39.25,-86.75,242
1258,39.25,-86.25,80
1259,39.25,-85.75,375
1260,39.25,-85.25,683
1261,39.25,-84.75,668
1262,39.25,-84.25,1278
1263,39.25,-83.75,576
1264,39.25,-83.25,588
1265,39.25,-82.75,669
1266,39.25,-82.25,476
1267,39.25,-81.75,368
1268,39.25,-81.25,249
1269,39.25,-80.75,57
1270,39.25,-80.25,248
1271,39.25,-79.75,181
1272,39.25,-79.25,118
1273,39.25,-78.75,141
1274,39.25,-78.25,423
1275,39.25,-77.75,675
1276,39.25,-77.25,2007
1277,39.25,-76.75,4938
1278,39.25,-76.25,2156
1279,39.25,-75.75,1184
1280,39.25,-75.25,175
1281,39.25,-74.75,469
1282,39.25,-74.25,238
1283,39.75,-123.75,531
1284,39.75,-123.25,198
1285,39.75,-122.75,369
1286,39.75,-122.25,3434
1287,39.75,-121.75,459
1288,39.75,-121.25,20
1289,39.75,-120.25,149
1290,39.75,-119.75,1844
1291,39.75,-119.25,320
1292,39.75,-118.75,29
1293,39.75,-112.25,536
1294,39.75,-111.75,690
1295,39.75,-111.25,738
1296,39.75,-110.75,539
1297,39.75,-110.25,189
1298,39.75,-107.75,166
1299,39.75,-107.25,99
1300,39.75,-106.75,273
1301,39.75,-106.25,243
1302,39.75,-105.75,485
1303,39.75,-105.25,5106
1304,39.75,-104.75,5829
1305,39.75,-104.25,127
1306,39.75,-103.75,30
1307,39.75,-103.25,41
1308,39.75,-102.75,129
1309,39.75,-102.25,79
1310,39.75,-101.75,111
1311,39.75,-101.25,111
1312,39.75,-100.75,100
1313,39.75,-100.25,133
1314,39.75,-99.75,90
1315,39.75,-99.25,50
1316,39.75,-98.75,71
1317,39.75,-97.75,175
1318,39.75,-97.25,28
1319,39.75,-96.75,417
1320,39.75,-96.25,100
1321,39.75,-95.75,418
1322,39.75,-95.25,357
1323,39.75,-94.75,1045
1324,39.75,-94.25,605
1325,39.75,-93.75,138
1326,39.75,-93.25,165
1327,39.75,-92.75,249
1328,39.75,-92.25,332
1329,39.75,-91.75,144
1330,39.75,-91.25,263
1331,39.75,-90.75,364
1332,39.75,-90.25,216
1333,39.75,-89.75,742
1334,39.75,-89.25,139
1335,39.75,-88.75,174
1336,39.75,-88.25,45
1337,39.75,-87.25,23
1338,39.75,-86.75,139
1339,39.75,-86.25,1424
1340,39.75,-85.75,486
1341,39.75,-85.25,134
1342,39.75,-84.75,133
1343,39.75,-84.25,624
1344,39.75,-83.75,647
1345,39.75,-83.25,897
1346,39.75,-82.75,596
1347,39.75,-82.25,360
1348,39.75,-81.75,356
1349,39.75,-81.25,29
1350,39.75,-80.75,81
1351,39.75,-80.25,135
1352,39.75,-79.75,399
1353,39.75,-79.25,328
1354,39.75,-78.75,483
1355,39.75,-78.25,383
1356,39.75,-77.75,711
1357,39.75,-77.25,689
1358,39.75,-76.75,2140
1359,39.75,-76.25,2819
1360,39.75,-75.75,1529
1361,39.75,-75.25,1596
1362,39.75,-74.75,251
1363,39.75,-74.25,282
1364,40.25,-124.25,607
1365,40.25,-123.75,1783
1366,40.25,-122.75,251
1367,40.25,-122.25,893
1368,40.25,-121.75,111
1369,40.25,-120.75,246
1370,40.25,-120.25,113
1371,40.25,-119.25,33
1372,40.25,-118.25,21
1373,40.25,-112.75,360
1374,40.25,-112.25,773
1375,40.25,-111.75,2145
1376,40.25,-111.25,399
1377,40.25,-110.75,392
1378,40.25,-110.25,504
1379,40.25,-109.75,414
1380,40.25,-109.25,435
1381,40.25,-108.75,75
1382,40.25,-108.25,62
1383,40.25,-107.25,20
1384,40.25,-106.75,80
1385,40.25,-106.25,133
1386,40.25,-105.75,544
1387,40.25,-105.25,2243
1388,40.25,-104.75,694
1389,40.25,-104.25,108
1390,40.25,-103.75,62
1391,40.25,-103.25,24
1392,40.25,-101.75,43
1393,40.25,-101.25,29
1394,40.25,-100.75,75
1395,40.25,-99.25,165
1396,40.25,-98.75,136
1397,40.25,-98.25,100
1398,40.25,-97.75,104
1399,40.25,-97.25,74
1400,40.25,-96.75,289
1401,40.25,-96.25,59
1402,40.25,-95.75,62
1403,40.25,-95.25,257
1404,40.25,-94.75,474
1405,40.25,-94.25,164
1406,40.25,-93.75,139
1407,40.25,-92.75,159
1408,40.25,-92.25,133
1409,40.25,-91.75,132
1410,40.25,-91.25,411
1411,40.25,-90.75,159
1412,40.25,-90.25,115
1413,40.25,-89.75,73
1414,40.25,-89.25,814
1415,40.25,-88.75,770
1416,40.25,-88.25,352
1417,40.25,-87.75,158
1418,40.25,-87.25,77
1419,40.25,-86.75,318
1420,40.25,-86.25,464
1421,40.25,-85.75,610
1422,40.25,-85.25,193
1423,40.25,-84.75,221
1424,40.25,-84.25,529
1425,40.25,-83.75,1721
1426,40.25,-83.25,2314
1427,40.25,-82.75,2682
1428,40.25,-82.25,1656
1429,40.25,-81.75,623
1430,40.25,-81.25,287
1431,40.25,-80.75,287
1432,40.25,-80.25,1156
1433,40.25,-79.75,1799
1434,40.25,-79.25,341
1435,40.25,-78.75,234
1436,40.25,-78.25,590
1437,40.25,-77.75,127
1438,40.25,-77.25,386
1439,40.25,-76.75,2165
1440,40.25,-76.25,1018
1441,40.25,-75.75,1244
1442,40.25,-75.25,1822
1443,40.25,-74.75,998
1444,40.25,-74.25,913
1445,40.75,-124.25,1969
1446,40.75,-123.75,866
1447,40.75,-123.25,291
1448,40.75,-122.75,448
1449,40.75,-122.25,1422
1450,40.75,-121.75,826
1451,40.75,-121.25,166
1452,40.75,-120.75,228
1453,40.75,-119.25,79
1454,40.75,-118.25,27
1455,40.75,-117.75,29
1456,40.75,-115.75,90
1457,40.75,-114.25,64
1458,40.75,-113.75,402
1459,40.75,-113.25,377
1460,40.75,-112.75,631
1461,40.75,-112.25,1055
1462,40.75,-111.75,2774
1463,40.75,-111.25,794
1464,40.75,-110.75,195
1465,40.75,-109.75,243
1466,40.75,-109.25,246
1467,40.75,-107.25,34
1468,40.75,-106.25,48
1469,40.75,-105.75,40
1470,40.75,-105.25,870
1471,40.75,-104.75,218
1472,40.75,-103.75,86
1473,40.75,-103.25,125
1474,40.75,-102.75,53
1475,40.75,-102.25,68
1476,40.75,-101.75,95
1477,40.75,-100.75,98
1478,40.75,-100.25,64
1479,40.75,-99.75,56
1480,40.75,-99.25,303
1481,40.75,-98.75,332
1482,40.75,-98.25,548
1483,40.75,-97.75,121
1484,40.75,-97.25,191
1485,40.75,-96.75,485
1486,40.75,-96.25,104
1487,40.75,-95.75,110
1488,40.75,-94.25,50
1489,40.75,-93.75,356
1490,40.75,-93.25,70
1491,40.75,-92.75,79
1492,40.75,-92.25,130
1493,40.75,-91.75,667
1494,40.75,-91.25,435
1495,40.75,-90.75,108
1496,40.75,-90.25,91
1497,40.75,-89.75,554
1498,40.75,-89.25,318
1499,40.75,-88.75,564
1500,40.75,-88.25,57
1501,40.75,-87.75,135
1502,40.75,-87.25,36
1503,40.75,-86.75,54
1504,40.75,-86.25,148
1505,40.75,-85.75,104
1506,40.75,-85.25,453
1507,40.75,-84.75,768
1508,40.75,-84.25,490
1509,40.75,-83.75,2274
1510,40.75,-83.25,2908
1511,40.75,-82.75,3833
1512,40.75,-82.25,2264
1513,40.75,-81.75,1710
1514,40.75,-81.25,655
1515,40.75,-80.75,575
1516,40.75,-80.25,1127
1517,40.75,-79.75,805
1518,40.75,-79.25,330
1519,40.75,-78.75,230
1520,40.75,-78.25,833
1521,40.75,-77.75,1298
1522,40.75,-77.25,106
1523,40.75,-76.75,494
1524,40.75,-76.25,401
1525,40.75,-75.75,1081
1526,40.75,-75.25,661
1527,40.75,-74.75,522
1528,40.75,-74.25,3562
1529,40.75,-73.75,5092
1530,40.75,-73.25,1265
1531,40.75,-72.75,295
1532,40.75,-72.25,123
1533,41.25,-124.25,441
1534,41.25,-123.75,590
1535,41.25,-123.25,399
1536,41.25,-122.75,272
1537,41.25,-122.25,1149
1538,41.25,-121.75,213
1539,41.25,-121.25,270
1540,41.25,-120.75,298
1541,41.25,-114.75,39
1542,41.25,-113.75,180
1543,41.25,-112.25,854
1544,41.25,-111.75,2063
1545,41.25,-111.25,214
1546,41.25,-110.75,35
1547,41.25,-110.25,112
1548,41.25,-106.75,91
1549,41.25,-106.25,102
1550,41.25,-105.75,290
1551,41.25,-105.25,157
1552,41.25,-104.75,105
1553,41.25,-104.25,62
1554,41.25,-103.75,74
1555,41.25,-102.75,52
1556,41.25,-102.25,112
1557,41.25,-101.75,60
1558,41.25,-101.25,21
1559,41.25,-98.75,111
1560,41.25,-98.25,42
1561,41.25,-97.75,96
1562,41.25,-97.25,50
1563,41.25,-96.75,224
1564,41.25,-96.25,1447
1565,41.25,-95.75,1811
1566,41.25,-95.25,141
1567,41.25,-94.75,134
1568,41.25,-94.25,73
1569,41.25,-93.75,137
1570,41.25,-93.25,219
1571,41.25,-92.75,136
1572,41.25,-92.25,339
1573,41.25,-91.75,89
1574,41.25,-91.25,187
1575,41.25,-90.75,114
1576,41.25,-90.25,157
1577,41.25,-89.75,72
1578,41.25,-89.25,309
1579,41.25,-88.75,164
1580,41.25,-88.25,248
1581,41.25,-87.75,67
1582,41.25,-87.25,101
1583,41.25,-86.75,83
1584,41.25,-86.25,582
1585,41.25,-85.75,181
1586,41.25,-85.25,454
1587,41.25,-84.75,717
1588,41.25,-84.25,202
1589,41.25,-83.75,1293
1590,41.25,-83.25,1151
1591,41.25,-82.75,2403
1592,41.25,-82.25,3350
1593,41.25,-81.75,2775
1594,41.25,-81.25,1511
1595,41.25,-80.75,1383
1596,41.25,-80.25,637
1597,41.25,-79.75,373
1598,41.25,-79.25,451
1599,41.25,-78.75,918
1600,41.25,-78.25,647
1601,41.25,-77.75,91
1602,41.25,-77.25,159
1603,41.25,-76.75,216
1604,41.25,-76.25,353
1605,41.25,-75.75,694
1606,41.25,-75.25,412
1607,41.25,-74.75,93
1608,41.25,-74.25,644
1609,41.25,-73.75,1424
1610,41.25,-73.25,2690
1611,41.25,-72.75,1376
1612,41.25,-72.25,1318
1613,41.25,-71.75,418
1614,41.25,-71.25,115
1615,41.25,-70.75,50
1616,41.75,-124.25,320
1617,41.75,-123.75,129
1618,41.75,-123.25,502
1619,41.75,-122.75,2553
1620,41.75,-122.25,1499
1621,41.75,-121.75,56
1622,41.75,-121.25,107
1623,41.75,-120.25,245
1624,41.75,-113.75,130
1625,41.75,-113.25,326
1626,41.75,-112.75,142
1627,41.75,-112.25,1146
1628,41.75,-111.75,1315
1629,41.75,-111.25,477
1630,41.75,-110.75,219
1631,41.75,-110.25,60
1632,41.75,-109.75,33
1633,41.75,-109.25,55
1634,41.75,-108.75,34
1635,41.75,-108.25,114
1636,41.75,-107.75,49
1637,41.75,-107.25,174
1638,41.75,-106.75,176
1639,41.75,-106.25,104
1640,41.75,-105.75,29
1641,41.75,-104.75,23
1642,41.75,-104.25,28
1643,41.75,-103.75,31
1644,41.75,-96.75,76
1645,41.75,-96.25,390
1646,41.75,-95.75,93
1647,41.75,-94.25,79
1648,41.75,-93.75,1004
1649,41.75,-93.25,570
1650,41.75,-92.75,137
1651,41.75,-92.25,277
1652,41.75,-91.75,872
1653,41.75,-91.25,339
1654,41.75,-90.75,471
1655,41.75,-90.25,209
1656,41.75,-89.75,142
1657,41.75,-89.25,369
1658,41.75,-88.75,365
1659,41.75,-88.25,1932
1660,41.75,-87.75,6603
1661,41.75,-87.25,756
1662,41.75,-86.75,1041
1663,41.75,-86.25,371
1664,41.75,-85.75,684
1665,41.75,-85.25,228
1666,41.75,-84.75,436
1667,41.75,-84.25,177
1668,41.75,-83.75,847
1669,41.75,-83.25,232
1670,41.75,-82.75,156
1671,41.75,-82.25,30
1672,41.75,-81.75,158
1673,41.75,-81.25,310
1674,41.75,-80.75,575
1675,41.75,-80.25,231
1676,41.75,-79.75,189
1677,41.75,-79.25,21
1678,41.75,-78.75,327
1679,41.75,-78.25,224
1680,41.75,-77.75,630
1681,41.75,-77.25,204
1682,41.75,-76.75,39
1683,41.75,-76.25,26
1684,41.75,-75.75,108
1685,41.75,-75.25,68
1686,41.75,-74.75,160
1687,41.75,-74.25,667
1688,41.75,-73.75,866
1689,41.75,-73.25,1939
1690,41.75,-72.75,3997
1691,41.75,-72.25,2553
1692,41.75,-71.75,1928
1693,41.75,-71.25,1850
1694,41.75,-70.75,738
1695,41.75,-70.25,183
1696,41.75,-69.75,54
1697,42.25,-124.25,37
1698,42.25,-123.75,55
1699,42.25,-123.25,131
1700,42.25,-122.75,251
1701,42.25,-121.75,185
1702,42.25,-120.25,541
1703,42.25,-113.25,40
1704,42.25,-112.25,40
1705,42.25,-111.25,26
1706,42.25,-110.75,104
1707,42.25,-110.25,93
1708,42.25,-109.75,78
1709,42.25,-109.25,89
1710,42.25,-107.75,70
1711,42.25,-107.25,97
1712,42.25,-98.25,32
1713,42.25,-97.75,42
1714,42.25,-97.25,104
1715,42.25,-96.75,26
1716,42.25,-96.25,534
1717,42.25,-93.75,220
1718,42.25,-93.25,403
1719,42.25,-92.75,212
1720,42.25,-92.25,142
1721,42.25,-91.75,383
1722,42.25,-91.25,143
1723,42.25,-90.75,184
1724,42.25,-90.25,20
1725,42.25,-89.25,249
1726,42.25,-88.75,323
1727,42.25,-88.25,1393
1728,42.25,-87.75,1258
1729,42.25,-86.25,143
1730,42.25,-85.75,403
1731,42.25,-85.25,221
1732,42.25,-84.75,738
1733,42.25,-84.25,1669
1734,42.25,-83.75,1860
1735,42.25,-83.25,4621
1736,42.25,-82.75,462
1737,42.25,-82.25,24
1738,42.25,-80.25,109
1739,42.25,-79.75,199
1740,42.25,-79.25,624
1741,42.25,-78.75,637
1742,42.25,-78.25,1141
1743,42.25,-77.75,859
1744,42.25,-77.25,306
1745,42.25,-76.75,899
1746,42.25,-76.25,405
1747,42.25,-75.75,188
1748,42.25,-75.25,140
1749,42.25,-74.75,499
1750,42.25,-74.25,575
1751,42.25,-73.75,1134
1752,42.25,-73.25,1343
1753,42.25,-72.75,2270
1754,42.25,-72.25,601
1755,42.25,-71.75,1701
1756,42.25,-71.25,5541
1757,42.25,-70.75,355
1758,42.25,-70.25,100
1759,42.75,-123.25,117
1760,42.75,-122.75,39
1761,42.75,-122.25,228
1762,42.75,-121.75,39
1763,42.75,-120.75,424
1764,42.75,-120.25,109
1765,42.75,-117.25,20
1766,42.75,-115.25,23
1767,42.75,-114.75,30
1768,42.75,-114.25,36
1769,42.75,-113.75,37
1770,42.75,-112.25,118
1771,42.75,-111.25,39
1772,42.75,-110.75,45
1773,42.75,-110.25,115
1774,42.75,-109.75,134
1775,42.75,-108.75,146
1776,42.75,-108.25,70
1777,42.75,-107.75,32
1778,42.75,-106.25,31
1779,42.75,-105.75,33
1780,42.75,-105.25,21
1781,42.75,-98.25,41
1782,42.75,-97.75,206
1783,42.75,-97.25,93
1784,42.75,-96.75,89
1785,42.75,-96.25,284
1786,42.75,-95.75,70
1787,42.75,-92.75,36
1788,42.75,-92.25,138
1789,42.75,-91.75,275
1790,42.75,-90.75,129
1791,42.75,-90.25,197
1792,42.75,-89.75,372
1793,42.75,-89.25,717
1794,42.75,-88.75,792
1795,42.75,-88.25,1417
1796,42.75,-87.75,419
1797,42.75,-86.25,155
1798,42.75,-85.75,1165
1799,42.75,-85.25,616
1800,42.75,-84.75,2449
1801,42.75,-84.25,1442
1802,42.75,-83.75,2142
1803,42.75,-83.25,3051
1804,42.75,-82.75,889
1805,42.75,-82.25,51
1806,42.75,-81.75,57
1807,42.75,-81.25,363
1808,42.75,-80.75,259
1809,42.75,-80.25,322
1810,42.75,-79.75,67
1811,42.75,-79.25,102
1812,42.75,-78.75,1904
1813,42.75,-78.25,244
1814,42.75,-77.75,231
1815,42.75,-77.25,369
1816,42.75,-76.75,397
1817,42.75,-76.25,625
1818,42.75,-75.75,82
1819,42.75,-75.25,193
1820,42.75,-74.75,382
1821,42.75,-74.25,512
1822,42.75,-73.75,4078
1823,42.75,-73.25,1238
1824,42.75,-72.75,1185
1825,42.75,-72.25,438
1826,42.75,-71.75,880
1827,42.75,-71.25,2339
1828,42.75,-70.75,842
1829,43.25,-124.25,220
1830,43.25,-123.25,242
1831,43.25,-122.25,80
1832,43.25,-121.75,195
1833,43.25,-121.25,320
1834,43.25,-120.75,146
1835,43.25,-117.25,31
1836,43.25,-116.75,47
1837,43.25,-116.25,532
1838,43.25,-114.25,69
1839,43.25,-113.75,40
1840,43.25,-112.25,69
1841,43.25,-111.25,204
1842,43.25,-110.75,244
1843,43.25,-110.25,187
1844,43.25,-109.25,150
1845,43.25,-108.75,74
1846,43.25,-108.25,142
1847,43.25,-107.75,24
1848,43.25,-100.75,34
1849,43.25,-96.75,56
1850,43.25,-96.25,105
1851,43.25,-95.75,619
1852,43.25,-95.25,109
1853,43.25,-93.25,90
1854,43.25,-92.75,22
1855,43.25,-92.25,174
1856,43.25,-91.75,390
1857,43.25,-91.25,63
1858,43.25,-90.75,183
1859,43.25,-90.25,256
1860,43.25,-89.75,1063
1861,43.25,-89.25,2156
1862,43.25,-88.75,673
1863,43.25,-88.25,2386
1864,43.25,-87.75,644
1865,43.25,-86.25,386
1866,43.25,-85.75,673
1867,43.25,-85.25,563
1868,43.25,-84.75,473
1869,43.25,-84.25,862
1870,43.25,-83.75,2788
1871,43.25,-83.25,800
1872,43.25,-82.75,493
1873,43.25,-82.25,75
1874,43.25,-81.75,166
1875,43.25,-81.25,582
1876,43.25,-80.75,1167
1877,43.25,-80.25,883
1878,43.25,-79.75,1826
1879,43.25,-79.25,375
1880,43.25,-78.75,138
1881,43.25,-78.25,139
1882,43.25,-77.75,653
1883,43.25,-77.25,737
1884,43.25,-76.75,330
1885,43.25,-76.25,1076
1886,43.25,-75.75,255
1887,43.25,-75.25,428
1888,43.25,-74.75,234
1889,43.25,-74.25,92
1890,43.25,-73.75,664
1891,43.25,-73.25,698
1892,43.25,-72.75,968
1893,43.25,-72.25,716
1894,43.25,-71.75,729
1895,43.25,-71.25,604
1896,43.25,-70.75,1751
1897,43.25,-70.25,196
1898,43.75,-124.25,142
1899,43.75,-123.25,276
1900,43.75,-122.75,25
1901,43.75,-122.25,92
1902,43.75,-121.75,143
1903,43.75,-121.25,466
1904,43.75,-117.25,56
1905,43.75,-116.75,339
1906,43.75,-116.25,4442
1907,43.75,-112.25,28
1908,43.75,-111.75,138
1909,43.75,-110.75,506
1910,43.75,-110.25,155
1911,43.75,-109.75,172
1912,43.75,-108.25,65
1913,43.75,-103.75,26
1914,43.75,-103.25,107
1915,43.75,-102.75,29
1916,43.75,-102.25,33
1917,43.75,-101.75,53
1918,43.75,-99.75,37
1919,43.75,-98.25,26
1920,43.75,-96.75,143
1921,43.75,-95.75,87
1922,43.75,-95.25,145
1923,43.75,-94.75,29
1924,43.75,-94.25,25
1925,43.75,-93.25,60
1926,43.75,-92.75,145
1927,43.75,-92.25,505
1928,43.75,-91.75,439
1929,43.75,-91.25,292
1930,43.75,-90.75,310
1931,43.75,-90.25,913
1932,43.75,-89.75,236
1933,43.75,-89.25,131
1934,43.75,-88.75,159
1935,43.75,-88.25,328
1936,43.75,-87.75,110
1937,43.75,-86.25,47
1938,43.75,-85.75,196
1939,43.75,-85.25,533
1940,43.75,-84.75,972
1941,43.75,-84.25,485
1942,43.75,-83.75,263
1943,43.75,-83.25,869
1944,43.75,-81.75,824
1945,43.75,-81.25,244
1946,43.75,-80.75,316
1947,43.75,-80.25,1668
1948,43.75,-79.75,4076
1949,43.75,-79.25,3240
1950,43.75,-78.75,700
1951,43.75,-78.25,136
1952,43.75,-77.75,33
1953,43.75,-77.25,45
1954,43.75,-76.25,59
1955,43.75,-75.75,73
1956,43.75,-74.75,27
1957,43.75,-74.25,40
1958,43.75,-73.75,309
1959,43.75,-73.25,1385
1960,43.75,-72.75,1169
1961,43.75,-72.25,997
1962,43.75,-71.75,474
1963,43.75,-71.25,667
1964,43.75,-70.75,668
1965,43.75,-70.25,2130
1966,43.75,-69.75,534
1967,44.25,-124.25,59
1968,44.25,-123.75,30
1969,44.25,-123.25,799
1970,44.25,-122.75,40
1971,44.25,-121.75,139
1972,44.25,-121.25,762
1973,44.25,-117.25,78
1974,44.25,-116.75,33
1975,44.25,-116.25,292
1976,44.25,-115.75,58
1977,44.25,-110.75,250
1978,44.25,-108.75,21
1979,44.25,-103.25,62
1980,44.25,-95.25,37
1981,44.25,-94.25,79
1982,44.25,-93.75,79
1983,44.25,-93.25,145
1984,44.25,-92.75,295
1985,44.25,-92.25,372
1986,44.25,-91.75,59
1987,44.25,-91.25,66
1988,44.25,-90.75,100
1989,44.25,-90.25,162
1990,44.25,-89.75,323
1991,44.25,-89.25,276
1992,44.25,-88.75,209
1993,44.25,-88.25,921
1994,44.25,-87.75,37
1995,44.25,-86.25,311
1996,44.25,-85.75,190
1997,44.25,-85.25,763
1998,44.25,-84.75,734
1999,44.25,-84.25,192
2000,44.25,-82.75,31
2001,44.25,-80.25,477
2002,44.25,-79.75,844
2003,44.25,-79.25,423
2004,44.25,-78.75,296
2005,44.25,-78.25,223
2006,44.25,-77.75,277
2007,44.25,-77.25,218
2008,44.25,-76.75,399
2009,44.25,-76.25,374
2010,44.25,-75.75,206
2011,44.25,-75.25,129
2012,44.25,-73.75,342
2013,44.25,-73.25,1749
2014,44.25,-72.75,1404
2015,44.25,-72.25,1218
2016,44.25,-71.75,614
2017,44.25,-71.25,541
2018,44.25,-70.75,661
2019,44.25,-70.25,1414
2020,44.25,-69.75,1424
2021,44.25,-69.25,1020
2022,44.25,-68.75,838
2023,44.25,-68.25,411
2024,44.75,-124.25,264
2025,44.75,-123.25,316
2026,44.75,-122.75,378
2027,44.75,-122.25,36
2028,44.75,-121.75,39
2029,44.75,-121.25,207
2030,44.75,-120.75,48
2031,44.75,-119.25,67
2032,44.75,-117.75,99
2033,44.75,-117.25,32
2034,44.75,-116.25,255
2035,44.75,-111.75,104
2036,44.75,-111.25,312
2037,44.75,-110.75,276
2038,44.75,-110.25,177
2039,44.75,-109.75,33
2040,44.75,-109.25,93
2041,44.75,-108.75,46
2042,44.75,-108.25,138
2043,44.75,-107.25,36
2044,44.75,-106.75,38
2045,44.75,-103.75,31
2046,44.75,-97.25,39
2047,44.75,-96.75,42
2048,44.75,-96.25,49
2049,44.75,-95.75,109
2050,44.75,-95.25,181
2051,44.75,-94.75,96
2052,44.75,-94.25,136
2053,44.75,-93.75,1154
2054,44.75,-93.25,4890
2055,44.75,-92.75,2320
2056,44.75,-92.25,165
2057,44.75,-91.75,212
2058,44.75,-91.25,388
2059,44.75,-90.75,86
2060,44.75,-90.25,640
2061,44.75,-89.75,501
2062,44.75,-89.25,93
2063,44.75,-88.75,33
2064,44.75,-88.25,1046
2065,44.75,-87.75,347
2066,44.75,-87.25,40
2067,44.75,-86.25,368
2068,44.75,-85.75,882
2069,44.75,-85.25,524
2070,44.75,-84.75,140
2071,44.75,-80.25,78
2072,44.75,-79.75,147
2073,44.75,-79.25,305
2074,44.75,-78.75,101
2075,44.75,-78.25,32
2076,44.75,-77.25,67
2077,44.75,-76.75,345
2078,44.75,-76.25,588
2079,44.75,-75.75,525
2080,44.75,-75.25,588
2081,44.75,-74.75,259
2082,44.75,-74.25,67
2083,44.75,-73.75,145
2084,44.75,-73.25,1615
2085,44.75,-72.75,1174
2086,44.75,-72.25,1274
2087,44.75,-71.75,547
2088,44.75,-70.75,126
2089,44.75,-70.25,275
2090,44.75,-69.75,551
2091,44.75,-69.25,428
2092,44.75,-68.75,2366
2093,44.75,-68.25,412
2094,44.75,-67.75,278
2095,44.75,-67.25,405
2096,44.75,-66.75,23
2097,45.25,-123.75,314
2098,45.25,-123.25,259
2099,45.25,-122.75,4828
2100,45.25,-122.25,345
2101,45.25,-121.75,355
2102,45.25,-121.25,128
2103,45.25,-120.75,81
2104,45.25,-118.25,47
2105,45.25,-117.75,61
2106,45.25,-116.25,147
2107,45.25,-111.75,229
2108,45.25,-111.25,260
2109,45.25,-110.75,118
2110,45.25,-110.25,35
2111,45.25,-109.75,82
2112,45.25,-109.25,418
2113,45.25,-108.75,212
2114,45.25,-108.25,183
2115,45.25,-105.25,38
2116,45.25,-97.25,24
2117,45.25,-95.25,31
2118,45.25,-94.25,71
2119,45.25,-93.75,848
2120,45.25,-93.25,1883
2121,45.25,-92.75,1091
2122,45.25,-92.25,224
2123,45.25,-91.75,139
2124,45.25,-91.25,88
2125,45.25,-90.25,38
2126,45.25,-89.75,143
2127,45.25,-89.25,112
2128,45.25,-88.75,141
2129,45.25,-88.25,503
2130,45.25,-87.75,695
2131,45.25,-87.25,276
2132,45.25,-85.75,284
2133,45.25,-85.25,732
2134,45.25,-84.75,515
2135,45.25,-81.75,33
2136,45.25,-80.25,72
2137,45.25,-79.25,325
2138,45.25,-78.75,57
2139,45.25,-78.25,58
2140,45.25,-77.25,153
2141,45.25,-76.75,652
2142,45.25,-76.25,1468
2143,45.25,-75.75,5010
2144,45.25,-75.25,665
2145,45.25,-74.75,155
2146,45.25,-74.25,237
2147,45.25,-73.75,543
2148,45.25,-73.25,380
2149,45.25,-72.75,147
2150,45.25,-72.25,82
2151,45.25,-71.75,105
2152,45.25,-69.25,256
2153,45.25,-68.75,852
2154,45.25,-68.25,61
2155,45.25,-67.75,90
2156,45.25,-67.25,139
2157,45.25,-66.25,51
2158,45.75,-123.75,227
2159,45.75,-123.25,458
2160,45.75,-122.75,5870
2161,45.75,-122.25,768
2162,45.75,-121.75,499
2163,45.75,-121.25,189
2164,45.75,-120.75,92
2165,45.75,-119.75,61
2166,45.75,-119.25,128
2167,45.75,-118.75,37
2168,45.75,-116.25,134
2169,45.75,-112.75,32
2170,45.75,-112.25,60
2171,45.75,-111.75,346
2172,45.75,-111.25,308
2173,45.75,-110.75,331
2174,45.75,-110.25,211
2175,45.75,-109.75,274
2176,45.75,-109.25,187
2177,45.75,-108.75,685
2178,45.75,-108.25,62
2179,45.75,-107.75,20
2180,45.75,-96.75,37
2181,45.75,-95.25,30
2182,45.75,-94.75,20
2183,45.75,-94.25,104
2184,45.75,-93.75,85
2185,45.75,-92.75,293
2186,45.75,-92.25,234
2187,45.75,-91.75,338
2188,45.75,-91.25,30
2189,45.75,-89.75,227
2190,45.75,-89.25,71
2191,45.75,-88.25,82
2192,45.75,-87.75,129
2193,45.75,-87.25,484
2194,45.75,-86.75,33
2195,45.75,-86.25,51
2196,45.75,-85.75,68
2197,45.75,-84.75,464
2198,45.75,-84.25,152
2199,45.75,-83.75,382
2200,45.75,-80.75,38
2201,45.75,-80.25,39
2202,45.75,-79.25,86
2203,45.75,-78.75,71
2204,45.75,-78.25,47
2205,45.75,-77.75,43
2206,45.75,-77.25,247
2207,45.75,-76.75,127
2208,45.75,-76.25,446
2209,45.75,-75.75,675
2210,45.75,-75.25,131
2211,45.75,-74.75,425
2212,45.75,-74.25,623
2213,45.75,-73.75,1187
2214,45.75,-73.25,115
2215,45.75,-72.75,45
2216,45.75,-68.75,136
2217,45.75,-68.25,469
2218,45.75,-66.75,127
2219,45.75,-66.25,24
2220,46.25,-123.75,299
2221,46.25,-123.25,73
2222,46.25,-122.75,236
2223,46.25,-122.25,517
2224,46.25,-121.75,1186
2225,46.25,-120.75,32
2226,46.25,-120.25,290
2227,46.25,-119.75,292
2228,46.25,-119.25,830
2229,46.25,-118.75,300
2230,46.25,-118.25,523
2231,46.25,-117.75,129
2232,46.25,-117.25,621
2233,46.25,-116.75,115
2234,46.25,-116.25,89
2235,46.25,-114.25,60
2236,46.25,-113.25,134
2237,46.25,-112.75,202
2238,46.25,-112.25,24
2239,46.25,-111.75,85
2240,46.25,-111.25,114
2241,46.25,-109.75,36
2242,46.25,-109.25,63
2243,46.25,-108.75,75
2244,46.25,-97.25,20
2245,46.25,-96.75,21
2246,46.25,-96.25,32
2247,46.25,-95.75,37
2248,46.25,-94.25,135
2249,46.25,-93.75,294
2250,46.25,-92.75,139
2251,46.25,-91.75,139
2252,46.25,-91.25,191
2253,46.25,-90.75,270
2254,46.25,-90.25,190
2255,46.25,-89.75,45
2256,46.25,-89.25,22
2257,46.25,-88.25,87
2258,46.25,-87.75,82
2259,46.25,-87.25,422
2260,46.25,-86.75,330
2261,46.25,-86.25,55
2262,46.25,-85.75,461
2263,46.25,-85.25,380
2264,46.25,-84.75,495
2265,46.25,-84.25,848
2266,46.25,-83.75,205
2267,46.25,-81.25,75
2268,46.25,-80.75,106
2269,46.25,-80.25,44
2270,46.25,-79.75,24
2271,46.25,-79.25,225
2272,46.25,-78.75,36
2273,46.25,-78.25,51
2274,46.25,-77.75,72
2275,46.25,-77.25,33
2276,46.25,-76.25,99
2277,46.25,-75.75,77
2278,46.25,-74.75,262
2279,46.25,-74.25,192
2280,46.25,-72.75,47
2281,46.25,-68.25,279
2282,46.25,-67.75,148
2283,46.75,-124.25,21
2284,46.75,-123.75,53
2285,46.75,-123.25,20
2286,46.75,-122.75,388
2287,46.75,-122.25,407
2288,46.75,-121.75,370
2289,46.75,-121.25,148
2290,46.75,-120.75,406
2291,46.75,-120.25,434
2292,46.75,-119.75,162
2293,46.75,-119.25,61
2294,46.75,-118.75,485
2295,46.75,-118.25,349
2296,46.75,-117.75,250
2297,46.75,-117.25,644
2298,46.75,-116.75,158
2299,46.75,-114.75,36
2300,46.75,-114.25,318
2301,46.75,-113.75,300
2302,46.75,-113.25,194
2303,46.75,-112.75,116
2304,46.75,-112.25,316
2305,46.75,-111.75,149
2306,46.75,-111.25,23
2307,46.75,-110.75,154
2308,46.75,-109.75,52
2309,46.75,-100.75,64
2310,46.75,-97.75,33
2311,46.75,-97.25,106
2312,46.75,-96.75,111
2313,46.75,-95.75,41
2314,46.75,-95.25,104
2315,46.75,-94.75,33
2316,46.75,-94.25,201
2317,46.75,-93.75,205
2318,46.75,-92.75,34
2319,46.75,-92.25,1166
2320,46.75,-91.75,49
2321,46.75,-90.75,38
2322,46.75,-89.75,38
2323,46.75,-89.25,315
2324,46.75,-88.75,236
2325,46.75,-88.25,206
2326,46.75,-87.75,70
2327,46.75,-87.25,221
2328,46.75,-85.25,422
2329,46.75,-84.75,44
2330,46.75,-84.25,139
2331,46.75,-81.75,117
2332,46.75,-81.25,56
2333,46.75,-80.75,38
2334,46.75,-79.25,32
2335,46.75,-75.25,22
2336,46.75,-72.75,22
2337,46.75,-72.25,46
2338,46.75,-71.75,82
2339,46.75,-71.25,500
2340,46.75,-68.25,395
2341,46.75,-67.75,385
2342,47.25,-123.25,122
2343,47.25,-122.75,1131
2344,47.25,-122.25,3062
2345,47.25,-121.75,305
2346,47.25,-121.25,146
2347,47.25,-120.75,497
2348,47.25,-120.25,324
2349,47.25,-119.75,144
2350,47.25,-119.25,306
2351,47.25,-118.75,500
2352,47.25,-118.25,328
2353,47.25,-117.75,633
2354,47.25,-117.25,450
2355,47.25,-115.75,167
2356,47.25,-115.25,152
2357,47.25,-114.75,201
2358,47.25,-114.25,100
2359,47.25,-113.75,227
2360,47.25,-113.25,337
2361,47.25,-111.75,35
2362,47.25,-111.25,47
2363,47.25,-109.75,26
2364,47.25,-104.75,58
2365,47.25,-97.25,138
2366,47.25,-95.75,33
2367,47.25,-93.75,44
2368,47.25,-92.75,167
2369,47.25,-92.25,395
2370,47.25,-91.75,56
2371,47.25,-91.25,128
2372,47.25,-88.75,279
2373,47.25,-88.25,629
2374,47.25,-87.75,135
2375,47.25,-81.75,22
2376,47.25,-68.25,78
2377,47.25,-67.75,66
2378,47.75,-124.75,49
2379,47.75,-124.25,175
2380,47.75,-123.25,25
2381,47.75,-122.75,413
2382,47.75,-122.25,7147
2383,47.75,-121.75,498
2384,47.75,-121.25,79
2385,47.75,-120.75,183
2386,47.75,-120.25,222
2387,47.75,-119.75,159
2388,47.75,-119.25,287
2389,47.75,-118.75,330
2390,47.75,-118.25,241
2391,47.75,-117.75,846
2392,47.75,-117.25,1088
2393,47.75,-116.75,226
2394,47.75,-116.25,106
2395,47.75,-114.25,142
2396,47.75,-113.75,266
2397,47.75,-112.25,40
2398,47.75,-103.25,23
2399,47.75,-97.25,317
2400,47.75,-96.25,57
2401,47.75,-92.75,1430
2402,47.75,-92.25,285
2403,47.75,-91.75,304
2404,47.75,-91.25,20
2405,47.75,-90.75,65
2406,47.75,-90.25,44
2407,47.75,-89.75,32
2408,48.25,-123.75,225
2409,48.25,-123.25,1078
2410,48.25,-122.75,774
2411,48.25,-122.25,1941
2412,48.25,-121.75,176
2413,48.25,-120.25,250
2414,48.25,-119.75,344
2415,48.25,-118.75,202
2416,48.25,-118.25,207
2417,48.25,-117.75,302
2418,48.25,-117.25,369
2419,48.25,-116.75,330
2420,48.25,-116.25,460
2421,48.25,-115.75,535
2422,48.25,-115.25,344
2423,48.25,-114.75,158
2424,48.25,-114.25,544
2425,48.25,-113.75,238
2426,48.25,-113.25,109
2427,48.25,-97.75,63
2428,48.25,-97.25,849
2429,48.25,-96.75,51
2430,48.25,-94.75,21
2431,48.25,-93.25,217
2432,48.25,-92.75,613
2433,48.25,-92.25,62
2434,48.25,-89.25,90
2435,48.25,-88.75,29
2436,48.25,-81.75,74
2437,48.25,-77.25,27
2438,48.75,-123.75,493
2439,48.75,-123.25,790
2440,48.75,-122.75,771
2441,48.75,-122.25,1780
2442,48.75,-121.75,460
2443,48.75,-121.25,169
2444,48.75,-120.75,315
2445,48.75,-120.25,286
2446,48.75,-118.75,291
2447,48.75,-118.25,383
2448,48.75,-117.75,410
2449,48.75,-117.25,94
2450,48.75,-116.25,98
2451,48.75,-113.75,333
2452,48.75,-113.25,99
2453,48.75,-97.75,66
2454,48.75,-97.25,186
2455,48.75,-95.25,600
2456,48.75,-94.75,266
2457,48.75,-94.25,244
2458,48.75,-93.75,288
2459,48.75,-93.25,157
2460,48.75,-89.75,50
2461,48.75,-88.75,68
2462,48.75,-81.25,33
